profile_id; name; reg_date
None; None; None
None; None; None
None; None; None
None; None; None
None; None; None
None; None; None
None; None; None
None; None; None
None; None; None
None; None; None
None; None; None
None; None; None
None; None; None
None; None; None
None; None; None
None; None; None
None; None; None
None; None; None
None; None; None
None; None; None
None; None; None
None; None; None
None; None; None
None; None; None
None; None; None
None; None; None
None; None; None
None; None; None
None; None; None
None; None; None
None; None; None
None; None; None
None; None; None
None; None; None
None; None; None
None; None; None
None; None; None
None; None; None
None; None; None
None; None; None
None; None; None
None; None; None
None; None; None
None; None; None
None; None; None
None; None; None
None; None; None
None; None; None
None; None; None
None; None; None
None; None; None
None; None; None
None; None; None
None; None; None
None; None; None
None; None; None
None; None; None
None; None; None
None; None; None
None; None; None
None; None; None
None; None; None
None; None; None
None; None; None
None; None; None
None; None; None
None; None; None
None; None; None
None; None; None
None; None; None
None; None; None
None; None; None
None; None; None
None; None; None
None; None; None
None; None; None
None; None; None
None; None; None
None; None; None
None; None; None
None; None; None
None; None; None
None; None; None
None; None; None
None; None; None
None; None; None
None; None; None
None; None; None
None; None; None
None; None; None
None; None; None
None; None; None
None; None; None
None; None; None
None; None; None
None; None; None
None; None; None
None; None; None
None; None; None
None; None; None
