user_id; name
None; None
None; None
None; None
None; None
None; None
None; None
None; None
None; None
None; None
None; None
None; None
None; None
None; None
None; None
None; None
None; None
None; None
None; None
None; None
None; None
None; None
None; None
None; None
None; None
None; None
None; None
None; None
None; None
None; None
None; None
None; None
None; None
None; None
None; None
None; None
None; None
None; None
None; None
None; None
None; None
None; None
None; None
None; None
None; None
None; None
None; None
None; None
None; None
None; None
None; None
None; None
None; None
None; None
None; None
None; None
None; None
None; None
None; None
None; None
None; None
None; None
None; None
None; None
None; None
None; None
None; None
None; None
None; None
None; None
None; None
None; None
None; None
None; None
None; None
None; None
None; None
None; None
None; None
None; None
None; None
None; None
None; None
None; None
None; None
None; None
None; None
None; None
None; None
None; None
None; None
None; None
None; None
None; None
None; None
None; None
None; None
None; None
None; None
None; None
None; None
