name; user_id
test; test
test; test
test; test
test; test
test; test
test; test
test; test
test; test
test; test
test; test
test; test
test; test
test; test
test; test
test; test
test; test
test; test
test; test
test; test
test; test
test; test
test; test
test; test
test; test
test; test
test; test
test; test
test; test
test; test
test; test
test; test
test; test
test; test
test; test
test; test
test; test
test; test
test; test
test; test
test; test
test; test
test; test
test; test
test; test
test; test
test; test
test; test
test; test
test; test
test; test
test; test
test; test
test; test
test; test
test; test
test; test
test; test
test; test
test; test
test; test
test; test
test; test
test; test
test; test
test; test
test; test
test; test
test; test
test; test
test; test
test; test
test; test
test; test
test; test
test; test
test; test
test; test
test; test
test; test
test; test
test; test
test; test
test; test
test; test
test; test
test; test
test; test
test; test
test; test
test; test
test; test
test; test
test; test
test; test
test; test
test; test
test; test
test; test
test; test
test; test
test; test
test; test
test; test
test; test
test; test
test; test
test; test
test; test
test; test
test; test
test; test
test; test
test; test
test; test
test; test
test; test
test; test
test; test
test; test
test; test
test; test
test; test
test; test
test; test
test; test
test; test
test; test
test; test
test; test
test; test
test; test
test; test
test; test
test; test
test; test
test; test
test; test
test; test
test; test
test; test
test; test
test; test
test; test
test; test
test; test
test; test
test; test
test; test
test; test
test; test
test; test
test; test
test; test
test; test
test; test
test; test
test; test
test; test
test; test
test; test
test; test
test; test
test; test
test; test
test; test
test; test
test; test
test; test
test; test
test; test
test; test
test; test
test; test
test; test
test; test
test; test
test; test
test; test
test; test
test; test
test; test
test; test
test; test
test; test
test; test
test; test
test; test
test; test
test; test
test; test
test; test
test; test
test; test
test; test
test; test
test; test
test; test
test; test
test; test
test; test
test; test
test; test
test; test
test; test
test; test
test; test
test; test
test; test
test; test
test; test
test; test
test; test
test; test
test; test
test; test
test; test
test; test
test; test
test; test
test; test
test; test
test; test
test; test
test; test
test; test
test; test
test; test
test; test
test; test
test; test
test; test
test; test
test; test
test; test
test; test
test; test
test; test
test; test
test; test
test; test
test; test
test; test
test; test
test; test
test; test
test; test
test; test
test; test
test; test
test; test
test; test
test; test
test; test
test; test
test; test
test; test
test; test
test; test
test; test
test; test
test; test
test; test
test; test
test; test
test; test
test; test
test; test
test; test
test; test
test; test
test; test
test; test
test; test
test; test
test; test
test; test
test; test
test; test
test; test
test; test
test; test
test; test
test; test
test; test
test; test
test; test
test; test
test; test
test; test
test; test
test; test
test; test
test; test
test; test
test; test
test; test
test; test
test; test
test; test
test; test
test; test
test; test
test; test
test; test
test; test
test; test
test; test
test; test
test; test
test; test
test; test
test; test
test; test
test; test
test; test
test; test
test; test
test; test
test; test
test; test
test; test
test; test
test; test
test; test
test; test
test; test
test; test
test; test
test; test
test; test
test; test
test; test
test; test
test; test
test; test
test; test
test; test
test; test
test; test
test; test
test; test
test; test
test; test
test; test
test; test
test; test
test; test
test; test
test; test
test; test
test; test
test; test
test; test
test; test
test; test
test; test
test; test
test; test
test; test
test; test
test; test
test; test
test; test
test; test
test; test
test; test
test; test
test; test
test; test
test; test
test; test
test; test
test; test
test; test
test; test
test; test
test; test
test; test
test; test
test; test
test; test
test; test
test; test
test; test
test; test
test; test
test; test
test; test
test; test
test; test
test; test
test; test
test; test
test; test
test; test
test; test
test; test
test; test
test; test
test; test
test; test
test; test
test; test
test; test
test; test
test; test
test; test
test; test
test; test
test; test
test; test
test; test
test; test
test; test
test; test
test; test
test; test
test; test
test; test
test; test
test; test
test; test
test; test
test; test
test; test
test; test
test; test
test; test
test; test
test; test
test; test
test; test
test; test
test; test
test; test
test; test
test; test
test; test
test; test
test; test
test; test
test; test
test; test
test; test
test; test
test; test
test; test
test; test
test; test
test; test
test; test
test; test
test; test
test; test
test; test
test; test
test; test
test; test
test; test
test; test
test; test
test; test
test; test
test; test
test; test
test; test
test; test
test; test
test; test
test; test
test; test
test; test
test; test
test; test
test; test
test; test
test; test
test; test
test; test
test; test
test; test
test; test
test; test
test; test
test; test
test; test
test; test
test; test
test; test
test; test
test; test
test; test
test; test
test; test
test; test
test; test
test; test
test; test
test; test
test; test
test; test
test; test
test; test
test; test
test; test
test; test
test; test
test; test
test; test
test; test
test; test
test; test
test; test
test; test
test; test
test; test
test; test
test; test
test; test
test; test
test; test
test; test
test; test
test; test
test; test
test; test
test; test
test; test
test; test
test; test
test; test
test; test
test; test
test; test
test; test
test; test
test; test
test; test
test; test
test; test
test; test
test; test
test; test
test; test
test; test
test; test
test; test
test; test
test; test
test; test
test; test
test; test
test; test
test; test
test; test
test; test
test; test
test; test
test; test
test; test
test; test
test; test
test; test
test; test
test; test
test; test
test; test
test; test
test; test
test; test
test; test
test; test
test; test
test; test
test; test
test; test
test; test
test; test
test; test
test; test
test; test
test; test
test; test
test; test
test; test
test; test
test; test
test; test
test; test
test; test
test; test
test; test
test; test
test; test
test; test
test; test
test; test
test; test
test; test
test; test
test; test
test; test
test; test
test; test
test; test
test; test
test; test
test; test
test; test
test; test
test; test
test; test
test; test
test; test
test; test
test; test
test; test
test; test
test; test
test; test
test; test
test; test
test; test
test; test
test; test
test; test
test; test
test; test
test; test
test; test
test; test
test; test
test; test
test; test
test; test
test; test
test; test
test; test
test; test
test; test
test; test
test; test
test; test
test; test
test; test
test; test
test; test
test; test
test; test
test; test
test; test
test; test
test; test
test; test
test; test
test; test
test; test
test; test
test; test
test; test
test; test
test; test
test; test
test; test
test; test
test; test
test; test
test; test
test; test
test; test
test; test
test; test
test; test
test; test
test; test
test; test
test; test
test; test
test; test
test; test
test; test
test; test
test; test
test; test
test; test
test; test
test; test
test; test
test; test
test; test
test; test
test; test
test; test
test; test
test; test
test; test
test; test
test; test
test; test
test; test
test; test
test; test
test; test
test; test
test; test
test; test
test; test
test; test
test; test
test; test
test; test
test; test
test; test
test; test
test; test
test; test
test; test
test; test
test; test
test; test
test; test
test; test
test; test
test; test
test; test
test; test
test; test
test; test
test; test
test; test
test; test
test; test
test; test
test; test
test; test
test; test
test; test
test; test
test; test
test; test
test; test
test; test
test; test
test; test
test; test
test; test
test; test
test; test
test; test
test; test
test; test
test; test
test; test
test; test
test; test
test; test
test; test
test; test
test; test
test; test
test; test
test; test
test; test
test; test
test; test
test; test
test; test
test; test
test; test
test; test
test; test
test; test
test; test
test; test
test; test
test; test
test; test
test; test
test; test
test; test
test; test
test; test
test; test
test; test
test; test
test; test
test; test
test; test
test; test
test; test
test; test
test; test
test; test
test; test
test; test
test; test
test; test
test; test
test; test
test; test
test; test
test; test
test; test
test; test
test; test
test; test
test; test
test; test
test; test
test; test
test; test
test; test
test; test
test; test
test; test
test; test
test; test
test; test
test; test
test; test
test; test
test; test
test; test
test; test
test; test
test; test
test; test
test; test
test; test
test; test
test; test
test; test
test; test
test; test
test; test
test; test
test; test
test; test
test; test
test; test
test; test
test; test
test; test
test; test
test; test
test; test
test; test
test; test
test; test
test; test
test; test
test; test
test; test
test; test
test; test
test; test
test; test
test; test
test; test
test; test
test; test
test; test
test; test
test; test
test; test
test; test
test; test
test; test
test; test
test; test
test; test
test; test
test; test
test; test
test; test
test; test
test; test
test; test
test; test
test; test
test; test
test; test
test; test
test; test
test; test
test; test
test; test
test; test
test; test
test; test
test; test
test; test
test; test
test; test
test; test
test; test
test; test
test; test
test; test
test; test
test; test
test; test
test; test
test; test
test; test
test; test
test; test
test; test
test; test
test; test
test; test
test; test
test; test
test; test
test; test
test; test
test; test
test; test
test; test
test; test
test; test
test; test
test; test
test; test
test; test
test; test
test; test
test; test
test; test
test; test
test; test
test; test
test; test
test; test
test; test
test; test
test; test
test; test
test; test
test; test
test; test
test; test
test; test
test; test
test; test
test; test
test; test
test; test
test; test
test; test
test; test
test; test
test; test
test; test
test; test
test; test
test; test
test; test
test; test
test; test
test; test
test; test
test; test
test; test
test; test
test; test
test; test
test; test
test; test
test; test
test; test
test; test
test; test
test; test
test; test
test; test
test; test
test; test
test; test
test; test
test; test
test; test
test; test
test; test
test; test
test; test
test; test
test; test
test; test
test; test
test; test
test; test
test; test
test; test
test; test
test; test
test; test
test; test
test; test
test; test
